feature,importance
priority,0.9200155256308824
desc_len,0.04965359759753153
triggerid,0.029518917697031345
lastchange,0.0008119590745548325
host_count,0.0
