feature,importance
priority,0.6169545712093046
triggerid,0.22491303059094994
desc_len,0.15463106450552294
lastchange,0.0035013336942224444
host_count,0.0
