feature,importance
priority,0.7404096661318811
triggerid,0.25944487019233553
lastchange,0.00014546367578329743
