{
  "0": {
    "precision": 0.9629629629629629,
    "recall": 1.0,
    "f1-score": 0.9811320754716981,
    "support": 26.0
  },
  "1": {
    "precision": 0.0,
    "recall": 0.0,
    "f1-score": 0.0,
    "support": 1.0
  },
  "accuracy": 0.9629629629629629,
  "macro avg": {
    "precision": 0.48148148148148145,
    "recall": 0.5,
    "f1-score": 0.49056603773584906,
    "support": 27.0
  },
  "weighted avg": {
    "precision": 0.9272976680384087,
    "recall": 0.9629629629629629,
    "f1-score": 0.9447938504542278,
    "support": 27.0
  }
}